{
 "_comment": "Approximate market caps in dollars for the Picks tab's 'large companies only' screen. Regenerate with: python tools/refresh_universe.py caps",
 "as_of": "2026-07-08",
 "caps": {
  "A": 36391357708.22778,
  "AAPL": 4599639475737.915,
  "ABBV": 447440281918.25,
  "ABNB": 84915715046.99171,
  "ABT": 166517162107.86728,
  "ACGL": 35915502058.70856,
  "ACN": 85072194607.67876,
  "ADBE": 87519563713.07373,
  "ADI": 188838775726.77734,
  "ADM": 38522785350.19146,
  "ADP": 96723704703.49689,
  "ADSK": 44036453033.068665,
  "AEE": 31513707274.041016,
  "AEP": 74542389384.0,
  "AES": 10454891963.760769,
  "AFL": 61714419610.0,
  "AIG": 42602121635.30127,
  "AIZ": 13848812521.616821,
  "AJG": 65746320214.59961,
  "AKAM": 17869326314.827423,
  "ALB": 15077944950.396004,
  "ALGN": 12638450959.114471,
  "ALL": 64774829872.838135,
  "ALLE": 11609505246.697174,
  "AMAT": 455708483101.0669,
  "AMCR": 19374874241.0598,
  "AMD": 836400295749.6187,
  "AME": 52544788208.5,
  "AMGN": 198650428364.12146,
  "AMP": 44152055152.61182,
  "AMT": 76653386073.85287,
  "AMZN": 2603435671660.05,
  "ANET": 222356726445.2038,
  "AON": 76833238475.1488,
  "AOS": 8224233741.708252,
  "APA": 12240674338.556934,
  "APD": 66557033500.46411,
  "APH": 191978088896.62756,
  "APO": 68089602808.19601,
  "APP": 172116924044.76685,
  "APTV": 12208387912.013432,
  "ARE": 8406760007.705536,
  "ARES": 26529976438.834534,
  "ATO": 29765976748.75113,
  "AVB": 26950727068.033966,
  "AVGO": 1873416113429.4849,
  "AVY": 12062916306.483078,
  "AWK": 26216409944.25,
  "AXON": 48445080428.159,
  "AXP": 230837857265.49396,
  "AZO": 50060720629.63623,
  "BA": 177172921572.64374,
  "BAC": 415966672919.7568,
  "BALL": 16137201194.213974,
  "BAX": 11421711993.709625,
  "BBY": 16363959533.997955,
  "BDX": 41884898794.68123,
  "BEN": 17335096041.481354,
  "BF-B": 11829521066.777086,
  "BG": 22372228366.97296,
  "BIIB": 29807196367.488815,
  "BKNG": 135065180111.60083,
  "BKR": 56443748969.94801,
  "BLDR": 8080973188.457977,
  "BLK": 153209839091.4663,
  "BMY": 117756040327.82706,
  "BNY": 102685734094.69734,
  "BR": 16997721195.051666,
  "BRK-B": 1080713158259.0637,
  "BRO": 23323000111.700623,
  "BSX": 66492099839.764206,
  "BX": 144446922469.38477,
  "BXP": 10645115849.25,
  "C": 235940999520.94214,
  "CAH": 55893225866.270905,
  "CARR": 55358186460.31515,
  "CASY": 31053413048.9718,
  "CAT": 432431382412.4271,
  "CB": 138784105969.69226,
  "CBOE": 28118901698.537598,
  "CBRE": 41123161069.644226,
  "CCI": 33436586684.01915,
  "CCL": 35147523831.49986,
  "CDNS": 102382902566.89453,
  "CDW": 17612090832.83452,
  "CEG": 85833041024.07777,
  "CF": 17940826430.184265,
  "CFG": 28988558414.63327,
  "CHD": 22829515691.152756,
  "CHRW": 22292149127.488037,
  "CHTR": 19160728548.736877,
  "CI": 76621809204.02234,
  "CIEN": 61691595502.804565,
  "CINF": 28428329255.93341,
  "CL": 74561640149.9984,
  "CLX": 11463948718.457268,
  "CMCSA": 84233149101.52058,
  "CME": 88623435546.18594,
  "CMG": 42804832209.89227,
  "CMI": 91456397868.90845,
  "CMS": 23658607436.345657,
  "CNC": 33420181110.694885,
  "CNP": 29018958532.073364,
  "COF": 120742901381.31262,
  "COHR": 61240486837.87491,
  "COIN": 42185336565.49048,
  "COO": 13695051076.6745,
  "COP": 133256995139.51556,
  "COR": 60071701030.305176,
  "COST": 423759507070.30884,
  "CPAY": 22519796130.77249,
  "CPRT": 26769839849.635727,
  "CPT": 11357268448.85965,
  "CRH": 69282337764.61182,
  "CRL": 10692272499.605255,
  "CRM": 135765633499.14551,
  "CRWD": 191941874280.0,
  "CSCO": 448495854138.8412,
  "CSGP": 11911736237.705069,
  "CSX": 89553001597.86102,
  "CTAS": 72524809681.25,
  "CTSH": 20466710216.522217,
  "CTVA": 56675805371.24634,
  "CVNA": 46583817741.60141,
  "CVS": 133959605236.25522,
  "CVX": 350182632864.28436,
  "D": 61376781916.81091,
  "DAL": 57040248398.30124,
  "DASH": 80959850850.26266,
  "DD": 18423396854.40349,
  "DDOG": 91278868658.13971,
  "DE": 160350936481.073,
  "DECK": 14206827242.016373,
  "DELL": 280257810410.73535,
  "DG": 25711579035.77838,
  "DGX": 23046996179.981308,
  "DHI": 42422092552.90152,
  "DHR": 135346973977.28764,
  "DIS": 169066051128.3921,
  "DLR": 64793899036.78345,
  "DLTR": 23813314247.96109,
  "DOC": 14929384120.196941,
  "DOV": 28371139679.826782,
  "DOW": 21092497743.164337,
  "DPZ": 10165991962.27295,
  "DRI": 22909291789.406326,
  "DTE": 31724317732.5,
  "DUK": 99523255917.18661,
  "DVA": 14870060070.877075,
  "DVN": 49463690307.746185,
  "DXCM": 28249760292.89274,
  "EA": 51476770466.84784,
  "EBAY": 50634871490.478516,
  "ECHO": 27984389693.72754,
  "ECL": 77578245708.54181,
  "ED": 41688081241.797066,
  "EFX": 20403531900.929367,
  "EG": 14785335899.711426,
  "EIX": 28917265253.298958,
  "EL": 29468194722.63954,
  "ELV": 91073559984.76318,
  "EME": 33776614787.82495,
  "EMR": 75775925239.56299,
  "EOG": 73007396508.18787,
  "EQIX": 100674643948.8833,
  "EQR": 25679022770.907715,
  "EQT": 31915015904.403687,
  "ERIE": 13211558240.371216,
  "ES": 27886334427.602577,
  "ESS": 18828367904.526978,
  "ETN": 153116402239.99023,
  "ETR": 53558119114.37225,
  "EVRG": 19964733235.943985,
  "EW": 54297941757.20215,
  "EXC": 48699592767.52338,
  "EXE": 21439690104.441658,
  "EXPD": 21447129430.539993,
  "EXPE": 30886480855.646027,
  "EXR": 30616991794.517212,
  "F": 53813274424.16188,
  "FANG": 51843225615.429886,
  "FAST": 53349304550.641396,
  "FCX": 82616567196.38382,
  "FDS": 8876092826.999817,
  "FDX": 73440775468.11609,
  "FDXF": 21403772112.62596,
  "FE": 27946901425.770664,
  "FFIV": 23649819544.233093,
  "FICO": 29719378174.53369,
  "FIS": 21256655084.875,
  "FISV": 27219948738.95279,
  "FITB": 50880329751.55133,
  "FIX": 58158040901.20972,
  "FLEX": 47929250401.01575,
  "FOX": 20323192197.517548,
  "FOXA": 22590654757.241226,
  "FRT": 10470802780.568344,
  "FSLR": 24009379691.057312,
  "FTNT": 114315127553.38382,
  "FTV": 18709320533.1433,
  "GD": 100870459751.0,
  "GDDY": 11650742154.67205,
  "GE": 374043768624.27795,
  "GEHC": 29527027495.123474,
  "GEN": 15642195111.034111,
  "GEV": 292396909823.12195,
  "GILD": 167953357127.40887,
  "GIS": 19533726479.225616,
  "GL": 13687994395.393387,
  "GLW": 159648316537.5,
  "GM": 68382285086.80344,
  "GNRC": 13789693893.400269,
  "GOOG": 4372547865461.659,
  "GOOGL": 4410925196283.871,
  "GPC": 17324180710.98349,
  "GPN": 20000132929.953026,
  "GRMN": 46943129808.72052,
  "GS": 301780797868.25665,
  "GWW": 63591823726.01965,
  "HAL": 28950707486.652374,
  "HAS": 10778053894.895325,
  "HBAN": 35383564241.42721,
  "HCA": 90854487381.99463,
  "HD": 335519782588.7124,
  "HIG": 38159009307.41913,
  "HII": 11311320468.538757,
  "HLT": 76152930900.42029,
  "HON": 70354504918.03766,
  "HONA": 73640319315.64713,
  "HOOD": 99802977116.184,
  "HPE": 58913816871.921646,
  "HPQ": 21619315833.419647,
  "HRL": 13488219771.047098,
  "HSIC": 9660141341.246353,
  "HST": 15646066704.175718,
  "HSY": 35708545845.01654,
  "HUBB": 25266030883.1279,
  "HUM": 48233505837.524414,
  "HWM": 108507151782.65973,
  "IBKR": 41626097435.76929,
  "IBM": 284221302935.3955,
  "ICE": 77933275555.30426,
  "IDXX": 43996991576.75,
  "IEX": 16153045355.056824,
  "IFF": 20011963276.492058,
  "INCY": 23373513772.943077,
  "INTC": 536375224624.6338,
  "INTU": 74355559037.01782,
  "INVH": 17651956813.18361,
  "IP": 19443863931.663025,
  "IQV": 33794746601.867676,
  "IR": 29950966023.30829,
  "IRM": 34093352106.222076,
  "ISRG": 148325166449.84387,
  "IT": 9110144026.60028,
  "ITW": 76410241946.41113,
  "IVZ": 11997823500.630941,
  "J": 15291473830.5,
  "JBHT": 25705019400.436005,
  "JBL": 33418699830.933197,
  "JCI": 85227050072.61005,
  "JKHY": 10355295584.172363,
  "JNJ": 641451109200.8673,
  "JPM": 894085939692.2704,
  "KDP": 42150131788.765305,
  "KEY": 24442303437.475754,
  "KEYS": 53676525509.28247,
  "KHC": 29650368843.045803,
  "KIM": 16917067314.897705,
  "KKR": 83053247042.5,
  "KLAC": 289235454606.3386,
  "KMB": 36996471656.11267,
  "KMI": 71973109844.13531,
  "KO": 362591712342.01715,